{
    "general": {
        "notification": {
            "notification_position": "center-center"
        },
        "social_share": {
            "share_platforms": [
                "facebook",
                "twitter",
                "linkedin"
            ],
            "share_platforms_to_product_page": "",
            "share_icon_layout": "share-layout1"
        },
        "billing_form": {
            "billing_first_name": [
                "show",
                "required"
            ],
            "billing_first_name_label": "",
            "billing_first_name_placeholder": "",
            "billing_last_name": [
                "show",
                "required"
            ],
            "billing_last_name_label": "",
            "billing_last_name_placeholder": "",
            "billing_company": [
                "show",
                "required"
            ],
            "billing_company_label": "",
            "billing_company_placeholder": "",
            "billing_country": [
                "show",
                "required"
            ],
            "billing_country_label": "",
            "billing_address_1": [
                "show",
                "required"
            ],
            "billing_address_1_label": "",
            "billing_address_1_placeholder": "",
            "billing_address_2": [
                "show",
                "required"
            ],
            "billing_address_2_label": "",
            "billing_address_2_placeholder": "",
            "billing_city": [
                "show",
                "required"
            ],
            "billing_city_label": "",
            "billing_city_placeholder": "",
            "billing_state": [
                "show",
                "required"
            ],
            "billing_state_label": "",
            "billing_postcode": [
                "show",
                "required"
            ],
            "billing_postcode_label": "",
            "billing_postcode_placeholder": "",
            "billing_phone": [
                "show",
                "required"
            ],
            "billing_phone_label": "",
            "billing_phone_placeholder": "",
            "billing_email": [
                "show",
                "required"
            ],
            "billing_email_label": "",
            "billing_email_placeholder": ""
        },
        "shipping_form": {
            "shipping_first_name": [
                "show",
                "required"
            ],
            "shipping_first_name_label": "",
            "shipping_first_name_placeholder": "",
            "shipping_last_name": [
                "show",
                "required"
            ],
            "shipping_last_name_label": "",
            "shipping_last_name_placeholder": "",
            "shipping_company": [
                "show",
                "required"
            ],
            "shipping_company_label": "",
            "shipping_company_placeholder": "",
            "shipping_country": [
                "show",
                "required"
            ],
            "shipping_country_label": "",
            "shipping_address_1": [
                "show",
                "required"
            ],
            "shipping_address_1_label": "",
            "shipping_address_1_placeholder": "",
            "shipping_address_2": [
                "show",
                "required"
            ],
            "shipping_address_2_label": "",
            "shipping_address_2_placeholder": "",
            "shipping_city": [
                "show",
                "required"
            ],
            "shipping_city_label": "",
            "shipping_city_placeholder": "",
            "shipping_state": [
                "show",
                "required"
            ],
            "shipping_state_label": "",
            "shipping_postcode": [
                "show",
                "required"
            ],
            "shipping_postcode_label": "",
            "shipping_postcode_placeholder": ""
        }
    },
    "elements": {
        "upsells_product_custom": {
            "active": "on"
        },
        "upsells_products_slider_custom": {
            "active": "on"
        },
        "related_product_custom": {
            "active": "on"
        },
        "related_products_slider_custom": {
            "active": "on"
        },
        "upsells_product": {
            "active": "on"
        },
        "related_product": {
            "active": "on"
        },
        "product_title": {
            "active": "on"
        },
        "product_images": {
            "active": "on"
        },
        "product_short_description": {
            "active": "on"
        },
        "product_description": {
            "active": "on"
        },
        "product_additional_info": {
            "active": "on"
        },
        "product_rating": {
            "active": "on"
        },
        "product_price": {
            "active": "on"
        },
        "product_meta": {
            "active": "on"
        },
        "product_categories": {
            "active": "on"
        },
        "product_tags": {
            "active": "on"
        },
        "product_sku": {
            "active": "on"
        },
        "product_stock": {
            "active": "on"
        },
        "product_add_to_cart": {
            "active": "on"
        },
        "product_reviews": {
            "active": "on"
        },
        "product_tabs": {
            "active": "on"
        },
        "actions_button": {
            "active": "on"
        },
        "product_share": {
            "active": "on"
        },
        "product_onsale": {
            "active": "on"
        },
        "wc_breadcrumbs": {
            "active": "on"
        },
        "product_notice": {
            "active": "on"
        },
        "products_grid": {
            "active": "on"
        },
        "products_list": {
            "active": "on"
        },
        "products_slider": {
            "active": "on"
        },
        "products_single_cateogory": {
            "active": "on"
        },
        "product_cateogories": {
            "active": "on"
        },
        "social_share": {
            "active": "on"
        },
        "products_archive_catalog_custom": {
            "active": "on"
        },
        "products_archive_catalog": {
            "active": "on"
        },
        "archive_title": {
            "active": "on"
        },
        "archive_description": {
            "active": "on"
        },
        "archive_result_count": {
            "active": "on"
        },
        "archive_products_ordering": {
            "active": "on"
        },
        "archive_product_mode": {
            "active": "on"
        },
        "cross_sells_custom": {
            "active": "on"
        },
        "cross_sells_custom_slider": {
            "active": "on"
        },
        "cross_sells": {
            "active": "on"
        },
        "cart_table": {
            "active": "on"
        },
        "cart_totals": {
            "active": "on"
        },
        "billing_form": {
            "active": "on"
        },
        "shipping_form": {
            "active": "on"
        },
        "order_notes": {
            "active": "on"
        },
        "order_review": {
            "active": "on"
        },
        "checkout_payment": {
            "active": "on"
        },
        "coupon_form": {
            "active": "on"
        },
        "checkout_login_form": {
            "active": "on"
        },
        "shipping_method": {
            "active": "on"
        }
    },
    "modules": {
        "quick_view": {
            "active": "on",
            "loop_btn_position": "custom",
            "loop_btn_position_shortcode": "",
            "loop_custom_hook_name": "",
            "loop_custom_hook_priority": "10",
            "button_text": "Quick view"
        },
        "wishlist": {
            "active": "on",
            "loop_btn_position": "custom",
            "loop_btn_position_shortcode": "",
            "loop_custom_hook_name": "",
            "loop_custom_hook_priority": "10",
            "button_text": "Add to wishlist",
            "enable_login_limit": "",
            "show_btn_on_loop": "on",
            "show_btn_product_page": "on",
            "product_btn_position": "custom",
            "product_btn_position_shortcode": "",
            "product_custom_hook_name": "",
            "product_custom_hook_priority": "10",
            "notice_added_text": "Product added!",
            "notice_removed_text": "Product removed!",
            "browse_list_text": "Browse wishlist",
            "page_show_fields": [
                "info",
                "price",
                "availability",
                "add_to_cart",
                "remove"
            ]
        },
        "compare": {
            "active": "on",
            "loop_btn_position": "custom",
            "loop_btn_position_shortcode": "",
            "loop_custom_hook_name": "",
            "loop_custom_hook_priority": "10",
            "button_text": "Compare",
            "show_btn_on_loop": "on",
            "show_btn_product_page": "on",
            "product_btn_position": "custom",
            "product_btn_position_shortcode": "",
            "product_custom_hook_name": "",
            "product_custom_hook_priority": "10",
            "notice_added_text": "Product added!",
            "notice_removed_text": "Product removed!",
            "browse_list_text": "Browse compare",
            "page_show_fields": [
                "title",
                "rating",
                "price",
                "add_to_cart",
                "description",
                "availability",
                "sku",
                "weight",
                "dimensions"
            ],
            "page": 17,
            "max_limit": 10
        },
        "variation_gallery": {
            "active": "on"
        },
        "variation_swatches": {
            "active": "on"
        },
        "quick_checkout": {
            "active": "on"
        },
        "mini_cart": {
            "active": "on"
        }
    }
}